State,State Abbreviation,State FIPS Code,Closed K-12 public schools,Closed day cares,Banned visitors to nursing homes,Closed other non-essential businesses,Closed restaurants,Closed gyms,Closed movie theaters,Closed bars,Closed casinos,Mention of tribal casinos,Cannabis dispensaries considered essential business,Closed businesses overnight,Began to reopen businesses statewide,Reopened restaurants,Initially reopened restaurants for outdoor dining only,Reopened gyms,Reopened movie theaters,Reopened hair salons/barber shops,Reopened religious gatherings,Reopened other non-essential retail,Reopened bars,Reopened child care,Reopened casinos,Allowed businesses to reopen overnight,Began to re-close bars,Closed bars x2,Closed movie theaters x2,Closed gyms x2,Closed hair salons/barber shops x2,Closed restaurants x2,Closed casinos x2,Reopened restaurants x2,Reopened bars x2,Reopened gyms x2,Reopened hair salons/barber shops x2,Reopened movie theaters x2,Reopened casinos x2,Closed bars x3,Closed restaurants x3,Reopened bars x3,Reopened restaurants x3,,School & day care notes,Nursing home notes,Religious gathering notes,Hair salon/barber shop notes,Restaurant notes,Bar notes,Gym notes,Movie theater notes,Business notes,Casino notes,Cannabis dispensary notes,Overnight closure notes
Alabama,AL,1,3/20/2020,3/20/2020,3/19/2020,3/28/2020,3/19/2020,3/28/2020,3/28/2020,3/19/2020,3/28/2020,0,.,0,4/30/2020,5/11/2020,0,5/11/2020,5/22/2020,5/11/2020,5/11/2020,4/30/2020,5/11/2020,5/23/2020,5/22/2020,0,0,0,0,0,0,0,0,0,0,0,0,0,0,0,0,0,0,,,,,,,AL - Tuscaloosa County ordered all bars to close for 2 weeks on 8/24/20,,,"AL - 4/30 order does not include entertainment venues, athletic facilities, and close contact personal care retail (salons, tattoo parlors etc); 5/11 order allows most retail/personal care/gyms to open",,,
Alaska,AK,2,3/16/2020,0,0,3/24/2020,3/18/2020,3/18/2020,3/18/2020,3/18/2020,0,0,1,0,4/24/2020,4/24/2020,0,5/8/2020,5/8/2020,4/24/2020,5/8/2020,4/24/2020,5/8/2020,0,0,0,0,0,0,0,0,0,0,0,0,0,0,0,0,0,0,0,0,,,,,,,,,,"AK - Some businesses allowed to operate at minimum basic operations despite order to close non-essential businesses; Limited businesses open 4/24, most businesses permitted to reopen 5/8 with restrictions",,,
Arizona,AZ,4,3/16/2020,0,0,3/31/2020,3/21/2020,3/21/2020,3/21/2020,3/21/2020,0,0,1,0,5/8/2020,5/11/2020,0,5/13/2020,5/16/2020,5/8/2020,0,5/8/2020,5/16/2020,0,0,0,6/29/2020,6/29/2020,6/29/2020,6/29/2020,0,0,0,0,3/25/2021,3/5/2021,0,3/5/2021,0,0,0,0,0,,,,AZ-no state action to close,"AZ - On 3/5/21, all capacity limits expired","AZ - As of executive order on 7/11/20, all indoor dining must be capped below 50% and will be extended until further notice with review every 2 weeks. On 3/5/21, all capacity limits expired. ","AZ - Initial EO to close bars was through 7/27/20, but was extended indefinitely on 7/23/20 with review and repeal options every two weeks. As of 8/11/20, bars and nightclubs (both those operating and not operating as a food establishment) may begin reopening at specific capacities when the county they are in reaches certain case positivity benchmarks for 14 days, with a 12-day reporting lag period to move from a higher transmission phase to a lower one. ","AZ - Initial EO to close was through 7/27/20, but was extended indefinitely on 7/23/20 with review and repeal options every two weeks. As of 8/11/20, gyms may begin reopening at specific capacities when the county they are in reaches certain case positivity benchmarks for 14 days, with a 12-day reporting lag period to move from a higher transmission phase to a lower one. On 3/5/21, all capacity limits expired. ","AZ - Initial EO to close was through 7/27/20, but was extended indefinitely on 7/23/20 with review and repeal options every two weeks. As of 8/11/20, movie theaters may begin reopening at specific capacities when the county they are in reaches certain case positivity benchmarks for 14 days, with a 12-day reporting lag period to move from a higher transmission phase to a lower one. On 3/5/21, all capacity limits expired. ","AZ - 5/8 order mostly applies to retail and personal care (hair salons and barber shops); 5/11 restaurants; 5/13 reopen pools, gyms, spas",,AZ - Medical dispensaries only; recreational dispensaries considered non-essential,
Arkansas,AR,5,3/17/2020,0,3/13/2020,4/6/2020,3/20/2020,3/20/2020,3/20/2020,3/20/2020,03/17/2020,0,0,11/19/2020,5/4/2020,5/11/2020,0,5/4/2020,5/18/2020,5/6/2020,0,5/18/2020,5/19/2020,0,05/18/2020,1/3/2021,0,0,0,0,0,0,0,0,0,0,0,0,0,0,0,0,0,,,,,,,"AR - Governor Hutchinson ordered businesses licensed to sell and allow consumption of alcohol on their premises to close by 11PM from 11/19/2020-1/3/2021, but was extended to 2/3/2021. ",,,AR - 5/4 reopen gyms/fitness centers; 5/6 personal care reopen; 5/11 restaurants; 5/18 large venues reopen,,,AR - Curfew for restauarants and bars that sell alcoholic beverages
California,CA,6,3/23/2020,0,0,3/19/2020,3/16/2020,3/19/2020,3/19/2020,3/16/2020,0,0,1,11/21/2020,5/8/2020,5/18/2020,0,4/15/2021,4/15/2021,8/28/2020,5/25/2020,5/8/2020,6/15/2021,0,0,1/25/2021,0,0,0,0,0,7/13/2020,0,4/15/2021,0,0,0,0,0,0,0,0,0,,,,,"CA - Order from CDPH on 7/13/20 reclosed hair salons and barbershops in some counties, but not statewide. If a county is placed on the County Monitoring List, due to case positivity rates, for three consecutive days or more, then an additional group of businesses must cease indoor operations, like hair salons and barber shops. On 8/28/20, CDPH replaced the CML with the “Blueprint for a Safer Economy” that created four new re-opening categories based on minimum thresholds for number new cases per day and rate at which cases are positive. On 11/16/20, the Blueprint plan was halted, and 94.1% of the state population was moved to the most restrictive category. ","CA - Order from CDPH on 7/13/20 stated all dine-in restaurants must close indoor seating to customers, but can continue to utilize outdoor seating. On 8/28/20, CDPH replaced the CML with the “Blueprint for a Safer Economy” that created four new re-opening categories based on minimum thresholds for number new cases per day and rate at which cases are positive. On 11/16/20, the Blueprint plan was halted, and 94.1% of the state population was moved to the most restrictive category. ","CA - Bars in California never opened statewide. Order on 6/12/20 allowed bars to reopen as part of phase 3, but counties must provide a “written attestation” indicating case metrics, readiness to fight outbreak, and county-specific reopening plans. However, on 6/28/20 Governor Newsom ordered all bars and nightlife to close in seven counties. Order from CDPH on 7/13/20 stated all bars, pubs and breweries must close all operations statewide, unless they offer outdoor dine-in meals. On 8/28/20, CDPH replaced the CML with the “Blueprint for a Safer Economy” that created four new re-opening categories based on minimum thresholds for number new cases per day and rate at which cases are positive. On 11/16/20, the Blueprint plan was halted, and 94.1% of the state population was moved to the most restrictive category. ","CA - Order from CDPH on 7/13/20 reclosed gyms in some counties, but not statewide. If a county is placed on the County Monitoring List (CML), due to case positivity rates, for three consecutive days or more, then an additional group of businesses must cease indoor operations, like gyms. On 8/28/20, CDPH replaced the CML with the “Blueprint for a Safer Economy” that created four new re-opening categories based on minimum thresholds for number new cases per day and rate at which cases are positive. On 11/16/20, the Blueprint plan was halted and 94.1% of the state population was moved to the most restrictive category. ","CA - Order on 6/12/20 stating that counties meeting certain metrics could re-open at 25% capacity. On 7/13/20 there was an order from CDPH closing all indoor operations at movie theaters statewide. On 8/28/20, CDPH replaced the CML with the “Blueprint for a Safer Economy” that created four new re-opening categories based on minimum thresholds for number new cases per day and rate at which cases are positive. On 11/16/20, the Blueprint plan was halted and 94.1% of the state population was moved to the most restrictive category. ","CA - Restaurants and non-essential businesses closed with stay-at-home order; Manufacturing offices (when telework not possible), outdoor museums Limited Personal Services",,,CA - State-wide California order implemented regional stay at home orders
Colorado,CO,8,3/23/2020,0,3/12/2020,3/19/2020,3/17/2020,3/17/2020,3/17/2020,3/17/2020,03/17/2020,0,1,0,5/1/2020,5/27/2020,0,6/4/2020,6/18/2020,5/1/2020,6/4/2020,5/1/2020,6/18/2020,0,8/24/2020,0,6/30/2020,6/30/2020,0,0,0,0,0,0,4/26/2021,0,0,0,0,0,0,0,0,,,,,,"CO - Indoor dining never shutdown statewide, but on 11/20/20, some counties were moved to a higher risk rating thus forcing these 15 counties to close indoor dining completely. These restrictions were removed from those counties on 1/4/21. ","CO - Per EO on 6/30/20, all bars must close though bars can remain open for takeaway beverage service. Also, establishments operating as bars and clubs that also offer food may remain open at current capacity limits. ",,,CO - Retail and personal services can open 5/1/2020 if implementing best practices; Non-critical offices may open 5/4/2020 must be at 50% capacity,,,
Connecticut,CT,9,3/17/2020,0,3/9/2020,3/23/2020,3/16/2020,3/16/2020,3/16/2020,3/16/2020,0,1,1,11/2/2020,5/20/2020,5/20/2020,1,6/17/2020,6/17/2020,6/1/2020,5/29/2020,5/20/2020,5/19/2021,0,0,5/19/2021,0,0,0,0,0,0,0,0,0,0,0,0,0,0,0,0,0,,,,"CT: There was a 49 person limit prior to 5/29, this officially allowed for 25% capacity or 100 people indoors.","CT - On 10/8/20, hair salons and barber shops were able to operate at 75% capacity.  Beginning on 3/19/21, all capacity limits on personal services will be lifted. ","CT - Indoor dining was able to reopen on 6/17/20 at 50% capacity on 10/8/20 at 75% capacity, and reverted back on 11/6/20 to 50%. Beginning on 3/19/21, all capacity limits on restaurants will be lifted, but will retain 8-person maximum per table limit. As of 4/2/21, there is an 11PM curfew. ",CT - Bars that only serve beverages remain closed,"CT - Beginning on 3/19/21, all capacity limits on gyms will be lifted (previously capped at 50%)","CT - Indoor movie theaters must operate at 50% capacity until further notice. As of 4/2/21, there is an 11PM curfew. ","CT - 5/20 open restaurants, retail, offices, personal care, outdoor museums and zoos, university research",,CT - Medical dispensaries only; recreational cannabis not legalized,"CT - Restuarant curfew was originally 9:30 p.m. It was recently relaxed to 11 p.m. on February 2, 2021"
Delaware,DE,10,3/16/2020,4/6/2020,0,3/24/2020,3/16/2020,3/19/2020,3/19/2020,3/16/2020,03/16/2020,0,1,12/14/2020,5/8/2020,6/1/2020,0,6/1/2020,6/1/2020,6/8/2020,5/20/2020,5/20/2020,6/15/2020,6/15/2020,06/01/2020,1/8/2021,7/3/2020,0,0,0,0,0,0,0,9/4/2020,0,0,0,0,0,0,0,0,,DE - Day cares only remained open for children of essential workers,,,,"DE - On 11/23/20, Governor Carney ordered indoor service at restaurants and bars serving food that capacity should not exceed 30% (previously 60%).  On 2/12/21, the capacity limit was raised to 50%. ","DE - The towns directed by the order are: Lewes, Rehoboth Beach, Dewey Beach, Long Neck, Bethany Beach, South Bethany, Fenwick Island, West Fenwick Island, Ocean View, Millville. Restrictions were removed on 9/4/20. ",,,"DE - 5/8 reopen personal care (hair salons/barber shops) with restrictions, can only serve those working in essential businesses 5/22 reopen pools",,DE - Medical dispensaries only; recreational cannabis not legalized,DE - Curfew for restauarants and bars that sell alcoholic beverages
District of Columbia,DC,11,3/16/2020,0,0,3/25/2020,3/16/2020,3/17/2020,3/17/2020,3/16/2020,0,0,1,11/23/2020,5/29/2020,5/29/2020,1,6/22/2020,6/22/2020,5/29/2020,6/22/2020,6/22/2020,5/29/2020,0,0,5/21/2021,12/23/2020,12/23/2020,0,0,0,12/23/2020,0,1/22/2021,1/22/2021,0,0,0,0,0,0,0,0,,,,DC-Reflects the date DC allowed religious gatherings greater than 10 people,,"DC - Indoor dining resumed at 50% capacity on 6/22/20. On 11/23/20 restaurants must end alcohol sales at 10PM. On 12/14/20, indoor dining was ordered to reduce capacity from 50% to 25% capacity. On 12/23/20 indoor dining closed until 1/22/21 when indoor dining could resume at 25% capacity. These orders apply to bars that serve food consistent with prior Mayor's order and operatepursuant to endorsements from the Alcoholic Beverage Regulation Administration (ABRA).",,"DC - On 12/17/20, gyms were ordered to operate at 25% capacity (from 5 people per 1000 sq. feet)",,"DC - 5/29 reopen retail (curbside pick up/delivery), barber shops/salons",,DC - Medical dispensaries only; recreational dispensaries considered non-essential,DC - Curfew mandating restaurants close at midnight and to stop serving alcohol after 10 p.m.
Florida,FL,12,3/17/2020,0,3/15/2020,4/3/2020,4/3/2020,4/3/2020,4/3/2020,3/17/2020,0,0,1,0,5/18/2020,5/18/2020,0,5/18/2020,6/5/2020,5/11/2020,0,5/18/2020,6/5/2020,0,0,0,6/26/2020,6/26/2020,0,0,0,0,0,0,9/14/2020,0,0,0,0,0,0,0,0,,,,FL- no state action to close religious gatherings,,"FL - 10/25/20 EO by Governor DeSantis Restaurants ordered any establishment with a food service license may not be limited by a COVID-19 emergency order (by any local government) to less than 50% of indoor capacity. If an establishment is limited to less than 100% of its indoor capacity, it must provide health justification and costs associated with capacity limit. ",FL - DBPR ordered on 6/26/20 that vendors (licesnsed to sell alcohol) who derive >50% of gross revenue from sale of alcoholic beverages must suspend sales for on-site consumption. This order did not cease take-out or delivery services. The DBPR order filed on 9/10/20 rescinded 6/26/20 order to alllow bars to reopen at 50% capacity.  ,,,"FL - 5/4 Some retail open in most counties, must operate at 25% capacity. Does not include entire state.5/18 reopened restaurants, retail, museums/libraries, gyms, amusement parks, professional sports venues, personal care for entire state",,FL - Medical dispensaries only; recreational cannabis not legalized,
Georgia,GA,13,3/18/2020,0,4/3/2020,4/3/2020,4/3/2020,4/3/2020,4/3/2020,3/24/2020,0,0,0,0,5/1/2020,4/27/2020,0,4/24/2020,4/27/2020,4/24/2020,0,4/23/2020,6/1/2020,0,0,0,0,0,0,0,0,0,0,0,0,0,0,0,0,0,0,0,0,,,,,,,,,,"GA - Governor ordered non-essential businesses to operate at minimum basic operations, but did not order them to close; Allow gyms, fitness centers, bowling alleys, body art studios, barbers, cosmetologists, hair designers, nail care artists, estheticians, their respective schools, and massage therapists 4/24 4/27 theaters, private social clubs, and restaurant dine-in services reopen;",,,
Hawaii,HI,15,3/16/2020,0,3/17/2020,3/25/2020,3/17/2020,3/25/2020,3/17/2020,3/17/2020,0,0,1,0,5/7/2020,6/5/2020,0,6/19/2020,6/19/2020,5/29/2020,5/18/2020,5/7/2020,6/26/2020,0,0,0,0,0,0,0,0,0,0,0,0,0,0,0,0,0,0,0,0,,,,,,,"HI - Oahu reclosed non-essential businesses, but it was Mayor initiated/ordered, not state. HOWEVER, Gov. Ige ""approved"" and undersigned it (https://governor.hawaii.gov/newsroom/latest-news/governors-office-news-release-gov-ige-approves-mayor-caldwells-stay-at-home-order/). Consider this as an action taken by a local community, and therefore one that doesn't fit in the definition of begin to re-close bars, but a second opinion is welcome.",,,"HI - May 7 – 15: Reopened agriculture, auto dealerships, car washes, pet grooming services, observatories and support facilities, retail and repair services, and shopping malls; Governor is taking a county by county approach to reopening (counties must apply to reopen specific types of businesses); 6/1 personal care/salons open in every county; 6/5 restaurants reopened in every county",,HI - Medical dispensaries only; recreational cannabis not legalized,
Idaho,ID,16,3/24/2020,0,0,3/25/2020,3/25/2020,3/25/2020,3/25/2020,3/25/2020,0,0,.,0,5/1/2020,5/16/2020,0,5/16/2020,5/30/2020,5/16/2020,5/1/2020,5/1/2020,5/30/2020,0,0,0,0,0,0,0,0,0,0,0,0,0,0,0,0,0,0,0,0,,,,,,,"ID - Ada County closed bars as mandated by Central District Health from 6/24/20-2/19/20. This is not a statewide agency, it's authority is limited to certain counties. https://www.cdhd.idaho.gov/dac-coronavirus-order.php",,,"ID - 5/1 Does not include entertainment venues, bars, restaurants, hair salons; 5/16 restaurants, gyms, hair salons reopen",,,
Illinois,IL,17,3/17/2020,3/23/2020,0,3/21/2020,3/16/2020,3/21/2020,3/21/2020,3/16/2020,03/16/2020,0,1,0,5/29/2020,5/29/2020,1,5/29/2020,6/26/2020,5/29/2020,5/1/2020,5/29/2020,6/26/2020,5/29/2020,07/01/2020,0,11/20/2020,11/20/2020,11/20/2020,0,0,11/20/2020,11/20/2020,2/4/2021,2/4/2021,0,0,2/4/2021,1/23/2021,0,0,0,0,,IL - Day cares only remained open for children of essential workers,,,"IL - As of 2/4/21, all regions in the state entered phase 4 allowing personal services to operate at no more 50% capacity. ","IL - During phase 3, tier 1 indoor service could reopen but was limited to the lesser of 25 guests or 25% capacity per room and 4 guests maximum per party; however, not all regions progressed to this tier. As of 2/4/21, all regions in the state entered phase 4 allowing reopening with groups of 10 or less, with tables spaced 6-feet apart in seated areas and with standing areas at no more than 25% of capacity. However, as of 2/2/21 Chicago and Cook County are maintaining occupancy restrictions at restaurants of 50% occupancy or 50 people per room, (whichever is fewer).","IL- Chicago reclosed bars in July, but this was ordered by the Mayor, not the state. Order on 11/20/20, closed indoor bar services. During phase 3, tier 1 indoor service could reopen but was limited to the lesser of 25 guests or 25% capacity per room and 4 guests maximum per party; however, not all regions progressed to this tier. As of 2/4/21, all regions in the state entered phase 4 allowing reopening with groups of 10 or less, with tables spaced 6-feet apart in seated areas and with standing areas at no more than 25% of capacity. However, as of 2/2/21 Chicago and Cook County are maintaining occupancy restrictions at bars of 50% occupancy or 50 people per room, (whichever is fewer).","IL - As of 2/4/21, all regions in the state entered phase 4 allowing gyms to operate at no more 50% capacity","IL - As of 2/4/21, all regions in the state entered phase 4 allowing theaters to operate at lesser of 50 guests OR 50% of overall theater or performance space capacity.","IL - 5/29 reopen manufacturing, non-essential businesses, personal care, retail ","IL - Casinos could reopen under Phase 3, Tier 2 at 25% capacity.  As of 2/4/21, all regions in the state entered phase 4 allowing casinos to operate at no more 50% capacity. ",,
Indiana,IN,18,3/20/2020,0,0,3/25/2020,3/16/2020,3/25/2020,3/25/2020,3/16/2020,3/16/2020,0,0,0,5/18/2020,5/18/2020,0,6/1/2020,6/12/2020,5/18/2020,5/8/2020,5/18/2020,6/12/2020,0,6/15/2020,0,0,0,0,0,0,0,0,0,0,0,0,0,0,0,0,0,0,,,,,,,,,,IN - 5/4 retail/commercial businesses and manufacturing reopens in most counties. 5/18 retail/commercial business reopen for entire state,,,
Iowa,IA,19,4/2/2020,0,0,3/26/2020,3/17/2020,3/17/2020,3/17/2020,3/17/2020,03/16/2020,0,0,11/17/2020,5/15/2020,5/15/2020,0,5/15/2020,5/22/2020,5/15/2020,5/1/2020,5/15/2020,5/28/2020,0,06/01/2020,12/10/2020,8/27/20,0,0,0,0,0,0,0,10/5/2020,0,0,0,0,0,0,0,0,,IA - Governor recommended schools close 5/15; Ordered schools to close 4/2,,,,,"IA-  On 8/27/20, all bars, taverns, wineries, breweries, distilleries, night clubs and other establishments that sell alcoholic beverages for consumption on premises were ordered to close in the following counties: Black Hawk, Dallas, Johnson, Linn, Polk, and Story. On 9/16/20, bars could reopen in all counties except Johnson and Story. On 10/2/20, bars in Johnson and Story counties could reopen. ",,,"IA - Order to close non-essential businesses only mentions retail/personal care businesses; Reopened restaurants, fitness centers, malls, libraries, race tracks, and other retail 5/1 in most counties, statewide 5/15",,,"IA - Order restricting operating hours for bars and restaurants to 6 a.m.-10 p.m., aside from carry-out and drive-thru"
Kansas,KS,20,3/18/2020,0,0,3/30/2020,3/30/2020,3/30/2020,3/30/2020,3/30/2020,05/04/2020,1,.,0,5/4/2020,5/4/2020,0,5/18/2020,5/22/2020,5/18/2020,5/4/2020,5/4/2020,6/8/2020,0,05/22/2020,0,0,0,0,0,0,0,0,0,0,0,0,0,0,0,0,0,0,,,,,,,,,,"KS - Statewide stay-at-home order went into effect 3/30/20 and closed all non-essential businesses; 5/4 Most businesses reopen except Bars, casinos, indoor leisure spaces, gyms, personal service; 5/18 gyms and personal service reopen",,,
Kentucky,KY,21,3/17/2020,3/23/2020,0,3/26/2020,3/16/2020,3/18/2020,3/18/2020,3/16/2020,0,0,0,8/11/2020,5/11/2020,5/22/2020,0,6/1/2020,6/1/2020,5/25/2020,5/9/2020,5/20/2020,6/29/2020,6/8/2020,0,5/28/2021,7/28/2020,7/28/2020,0,0,0,11/20/2020,0,12/13/2020,8/11/2020,0,0,0,0,11/20/2020,0,12/13/2020,0,,,,,"KY - As of 3/5/21, salons can operate at 60% capacity","KY - Per EO on 11/20/20, indoor dining operations closed. Though, restaurants could provide outdoor service, provided that all customers are seated at tables, table size is limited to a maximum of eight people from maximum 2 households. Normal service at 50% capacity with services stopping at 11PM and closing no later than 12AM resumed on 12/13/20 as of 11:59PM. As of 3/5/21, restaurants can operate at 60% capacity.",,"KY - As of 3/5/21, gyms can operate at 60% capacity","KY - EO on 11/20/20 reduced theater capacity to maximum 25 people. As of 3/5/21, theaters can operate at 60% capacity. ","KY - May 11 – Manufacturing, construction, vehicle and vessel dealerships, professional services (at 50% of pre-outbreak capacity), horse racing (without spectators), pet grooming and boarding May 20 – Retail, houses of worship; 5/25 personal care services",,,
Louisiana,LA,22,3/16/2020,0,3/12/2020,3/23/2020,3/17/2020,3/17/2020,3/17/2020,3/17/2020,03/17/2020,0,1,0,5/1/2020,5/1/2020,1,5/15/2020,5/15/2020,5/15/2020,5/15/2020,5/15/2020,6/5/2020,0,05/18/2020,0,7/13/2020,7/13/2020,0,0,0,0,0,0,3/3/2021,0,0,0,0,0,0,0,0,,,,,"LA - On 11/25/20, the capacity limit dropped to 50% from 75%. On 3/3/21, the capacity limit increased to 75%. ","LA - On 11/25/20, the capacity limit dropped to 50% from 75%. On 3/3/21, the capacity limit increased to 75%. ","LA - The initial closure was extended 4 times. However, on 10/9/20, via executive order, bars in parishes with a positivity rate of 5% or lower for two consecutive weeks may opt-in to open bars for on-premises consumption. On 11/24/20, via executive order, bars in parishes above 5% positivity must be closed to indoor sales and consumption, but open for outdoor consumption at tables only and at 25% capacity, with a maximum of 50 people. This policy was extended through the end of February. On 3/3/21, bars, regardless of COVID-19 positivity rate, opened for indoor service at 25% capacity; in parishes with a lower than 5% positivity rate, indoor capacity is 50%. New Orleans parish is not participating in this reopening. ","LA - On 11/25/20, the capacity limit dropped to 50% from 75%. ","LA - On 11/25/20, the capacity limit dropped to 50% from 75%. On 3/3/21, the capacity limit increased to 75%. ","LA - 5/1 limited retail permitted to reopen with capacity restrictions; 5/15 reopen Restaurants, cafes, malls, Gyms, personal care, Movie theaters, Museums, zoos, aquariums, Bars and breweries with LDH food permits",,LA - Medical dispensaries only; recreational cannabis not legalized,
Maine,ME,23,4/2/2020,0,0,3/25/2020,3/18/2020,3/25/2020,3/25/2020,3/18/2020,0,0,1,11/20/2020,5/1/2020,6/1/2020,1,6/17/2020,7/1/2020,6/17/2020,5/29/2020,6/1/2020,3/26/2021,0,0,2/1/2021,0,0,0,0,0,0,0,0,0,0,0,0,0,0,0,0,0,,ME - Order to close schools came after schools had already voluntarily closed statewide,,,,"ME - Indoor dining service resumed 6/21/20. As of 3/26/21 the indoor capacity is set at 50%, and outdoor capacity is set at 75%.","ME - Indoor bars, distilleries and tasting room service can resume 3/26/21 at 50% capacity indoors and 75% outdoors",,,ME - Reopen personal care services (barber shops/hair salons) and outdoor recreation 5/1; rural counties reopened retail 5/18,,ME - Medical dispensaries only; recreational dispensaries considered non-essential,"ME - All outdoor and indoor: amusement venues, movie theaters, performing arts venues, casinos, and businesses that provide dine-in service (including social clubs, restaurants, bars and tasting rooms) must close by 9PM.  The order did not cease curbside pick-up and delivery services after 9PM. The order was initially through 12/6/2020, but was extended through 1/3/2021 on 12/4/2020 and consequently extended indefinitely on 12/30/2020. On 1/28/2021, the order was announced to expire on 2/1/2021."
Maryland,MD,24,3/16/2020,3/30/2020,4/5/2020,3/23/2020,3/16/2020,3/16/2020,3/16/2020,3/16/2020,03/16/2020,0,1,11/20/2020,5/15/2020,5/29/2020,1,6/19/2020,9/1/2020,5/15/2020,5/15/2020,5/15/2020,6/12/2020,6/19/2020,6/19/2020,2/1/2021,0,0,0,0,0,0,0,0,0,0,0,0,0,0,0,0,0,,,,,"MD - As of 3/12/21, there is no capacity limit","MD - As of 3/12/21, there is no capacity limit","MD - As of 3/12/21, there is no capacity limit","MD - As of 3/12/21, there is no capacity limit",,"MD - 5/15 reopen retail, manufacturing, some personal service; 6/5 most non-essential businesses reopened (did not include large venues/theaters, bars, gyms)",,MD - Medical dispensaries only; recreational cannabis not legalized,"MD - Restaurants, bars, nightclubs, banquet and catering halls, and other similar establishments that sell and/or serve food or beverages for consumption on-premises must close for dine-in service from 10PM-6AM until 12:01AM on 2/1/2021. This order did not cease service for carryout, drive-through or delivery food services after 10PM. "
Massachusetts,MA,25,3/17/2020,3/23/2020,3/16/2020,3/24/2020,3/17/2020,3/24/2020,3/24/2020,3/17/2020,3/14/2020,0,1,11/6/2020,5/18/2020,6/8/2020,1,7/13/2020,7/13/2020,5/25/2020,5/18/2020,6/8/2020,5/29/2021,6/8/2020,7/6/2020,1/25/2021,0,0,0,0,0,0,0,0,0,0,0,0,0,0,0,0,0,,,,,,MA - Ordered to maintain a 25% capacity limit from 12/26/20 through 2/8/21 when the capacity limit expanded to 40%. ,,MA - Ordered to maintain a 25% capacity limit from 12/26/20 through 2/8/21 when the capacity limit expanded to 40%,MA - Ordered to maintain a 25% capacity limit from 12/26/20 through 2/8/21 when the capacity limit expanded to 40%.,"MA - 5/18 just applies to manufacturing and construction; 6/8 retail, childcare/camps, restaurants, warehouses, personal services without close physical contact",,MA - Medical dispensaries only; recreational dispensaries considered non-essential,"MA - Accompanied by the stay-at-home advisory, dine-in restaurants; arcades and other indoor and outdoor recreation; indoor and outdoor events; indoor and outdoor theaters, movie theaters, and performance venues; youth and adult amateur sports activities; golf facilities; recreational boating  businesses; outdoor recreational experiences and educational activities; casinos, horse racing tracks, and simulcast facilities; driving and flight schools; zoos, botanical gardens, wildlife reserves, and nature centers; close contact personal services; fitness centers and health clubs; indoor and outdoor pools (public and semi-public swimming pools); and museums/cultural & historical facilities/guided tours must have last call services at 9:30 PM and close completely from 10PM-5AM until 5AM on 1/25/2021. This order did not cease service for take-out or delivery food services after 10PM. "
Michigan,MI,26,3/16/2020,3/24/2020,3/14/2020,3/24/2020,3/16/2020,3/16/2020,3/16/2020,3/16/2020,03/16/2020,0,1,2/1/2021,5/26/2020,6/8/2020,0,9/9/2020,10/9/2020,6/15/2020,0,6/4/2020,6/8/2020,6/8/2020,08/05/2020,6/1/2021,7/1/2020,7/31/2020,11/18/2020,0,0,11/18/2020,11/18/2020,2/1/2021,10/9/2020,0,0,12/21/2020,12/21/2020,11/18/2020,0,2/2/2021,0,,,,,,"MI - 7/31/20 EO closed indoor seating in bars throughout the state but excluded regions 6 and 8. Resturants that get 70% or more of their profits from alcohol sales based on 2019 receipts are considered bars. On 2/1/21 restaurants can operate indoors at 25% capacity with a maximum of 6 people per party and must close from 10PM-4AM. As of 3/5/21, restaurants can operate at 50% capacity. ","MI - Governor closed bars on 7/1/20 in most but not all of the state via executive order, indoor service only. Outdoor service still permitted. 7/28/20 governor expanded this closure. 9/3/20 states that bars must close for indoor service but that both bars and restaurants are permitted to serve customers outdoors with social distancing restrictions in place. As of 2/2/21 bars can operate indoors at 25% capacity. ","MI - 7/31/20 EO closed gyms throughout the state but excluded regions 6 and 8. As of 12/21/20, capacity is limited to 25%.","MI - 7/31/20 EO closed entertainment venues throughout the state but excluded regions 6 and 8. As of 12/21/20, capacity is limited to 100 people. ",MI - 5/18 allow retail and restaurants to reopen in some regions of the state; does not apply to entire state; 5/26 reopen some retail and car dealerships; 6/4 reopen retail for entire state,"MI - As of 12/21/20, capacity is limited to 100 people",,"MI - Food service establishments, or the food service establishment portion of a multi-purpose venue, must cease indoor dining between 10:00 PM and 4:00 AM until 3/29/2021."
Minnesota,MN,27,3/18/2020,0,0,3/28/2020,3/17/2020,3/17/2020,3/17/2020,3/17/2020,0,0,1,11/13/2020,4/27/2020,6/1/2020,1,6/10/2020,6/10/2020,6/1/2020,5/18/2020,5/18/2020,6/10/2020,0,0,5/7/2021,11/21/2020,11/21/2020,11/21/2020,11/21/2020,0,11/21/2020,0,1/11/2021,1/11/2021,12/18/2020,0,1/11/2021,0,0,0,0,0,,,MN - 3/16 EO allowed veterans homes to implement CMS guidelines from 3/13; no formal EOs regarding closure of nursing homes outside of this category,,"MN - As of 3/15/21, there is no capacity limit","MN - On 12/18/20, restaurants could resume service outdoors at 50% capacity. On 1/11/21, restaurants could resume indoor service at 50% capacity. As of 3/15/21, capacity is 75% (250 people maximum) for both indoor and outdoor services, with service closed 11PM-4AM. Beginning 4/1/21, the 250 person limit may be exceeded. ","MN - On 12/18/20, outdoor bars could resume service outdoors at 50% capacity. On 1/11/21, indoor bars could resume indoor service at 50% capacity. As of 3/15/21, capacity is 75% (250 people maximum) for both indoor and outdoor services, with service closed 11PM-4AM. Beginning 4/1/21, the 250 person limit may be exceeded. ","MN - As of 3/15/21, capacity is 50% (250 people maximum). Beginning 4/1/21, the 250 person limit may be exceeded. ","MN - As of 3/15/21, capacity is 50% (250 people maximum). Beginning 4/1/21, the limit may increase based upon seated vs nonseated venues. ","MN - 4/27 allowed employees in certain agricultural, industrial and office settings to return to work; 5/18 open retail ",,MN - Medical dispensaries only; recreational cannabis not legalized,"MN - Restaurants, food courts, cafes, coffeehouses, bars, taverns, brewer taprooms, micro distiller cocktail rooms, farm wineries, craft wineries, cideries, golf courses and clubs, dining clubs, tobacco product shops, and other Places of Public Accommodation offering food, beverages (including alcoholic beverages), or tobacco products for on-premises consumption must close dine-in service from 11PM-4AM. This order did not cease service for take-out, window service, walk-up service, drive-up, or delivery food services after 11PM.  "
Mississippi,MS,28,3/20/2020,0,3/24/2020,4/3/2020,4/3/2020,4/3/2020,4/3/2020,4/3/2020,03/16/2020,0,0,5/7/2020,4/27/2020,5/7/2020,0,5/11/2020,6/1/2020,5/11/2020,0,4/27/2020,6/1/2020,0,05/21/2020,6/15/2020,0,0,0,0,0,0,0,0,0,0,0,0,0,0,0,0,0,,,,,,"MS - Initially reopened with 50% capacity. On 6/15/20, restaurants serving alcohol no longer had to close at 10PM. On 7/24/20, restaurants must not sell alcohol from 11PM-7AM. On 9/14/20, the capacity limit expanded to 75% capacity. ","MS - Initially reopened with 50% capacity. On 6/15/20, bars serving alcohol no longer had to close at 10PM. On 7/24/20, bars must not sell alcohol from 11PM-7AM. On 9/14/20, the capacity limit expanded to 75% capacity. ","MS - Initially reopened with 30% capacity. On 6/15/20, the capacity limit expanded to 50% capacity. On 7/24/20, bars must not sell alcohol from 11PM-7AM. On 9/14/20, the capacity limit expanded to 75% capacity. ",MS - Capacity limit set at 50%,"MS - 10 people or less allowed at bars; MS - 4/27 retail and most non-customer facing businesses with capacity restrictions; 5/7 reopen restaurants; 5/8 personal care, gyms, 5/15 reopen tattoo parlors, dance studios",,,MS - Restaurants that serve alcohol and bars must close all service at 10PM
Missouri,MO,29,3/23/2020,0,3/23/2020,4/3/2020,3/23/2020,4/3/2020,4/3/2020,3/23/2020,03/17/2020,0,0,0,5/4/2020,5/4/2020,0,5/4/2020,5/4/2020,5/4/2020,5/27/2020,5/4/2020,5/4/2020,0,06/01/2020,0,0,0,0,0,0,0,0,0,0,0,0,0,0,0,0,0,0,,MO - Order to close schools came after most schools had already closed,,,,,,,,MO - 5/4 retail and restaurants with restrictions,,,MO - All curfews on county or city level
Montana,MT,30,3/16/2020,0,3/15/2020,3/28/2020,3/20/2020,3/20/2020,3/20/2020,3/20/2020,03/20/2020,0,1,11/20/2020,4/27/2020,5/4/2020,0,5/15/2020,5/15/2020,4/27/2020,4/26/2020,4/27/2020,5/4/2020,0,05/04/2020,1/15/2021,0,0,0,0,0,0,0,0,0,0,0,0,0,0,0,0,0,,,,,,,,,,"MT - 4/27 retail, places of worship (4/26); 5/4 restaurants and bars; 5/15 gyms, museums, movie theaters  ",,MT - Medical dispensaries only; recreational cannabis recently legalized but not yet enacted,"MT - Restaurants, bars, breweries, distilleries and casinos must close from 10PM-4AM."
Nebraska,NE,31,4/3/2020,0,0,4/9/2020,4/3/2020,4/3/2020,4/9/2020,4/3/2020,0,0,.,0,6/1/2020,6/1/2020,0,6/1/2020,6/22/2020,6/1/2020,5/4/2020,6/22/2020,6/22/2020,0,0,0,0,0,0,0,0,0,0,0,0,0,0,0,0,0,0,0,0,,NE - Schools closed in some counties 3/23; order to close schools extended to all counties 4/3,,NE- never closed non-essential retail,,,,,,"NE - Non-essential retail was not ordered to be closed but personal care services like nail salons and hairdressers were; 4/3 order set rules for how gyms could remain open (but never closed gyms) and capped gatherings in indoor theaters at 10 persons; 5/4 some counties opened restaurants, personal care. 5/18 all counties permitted to reopen restaurants and personal care",,,
Nevada,NV,32,3/16/2020,0,0,3/21/2020,3/21/2020,3/21/2020,3/21/2020,3/21/2020,03/17/2020,0,1,0,5/9/2020,5/9/2020,0,5/29/2020,5/29/2020,5/9/2020,5/29/2020,5/9/2020,5/29/2020,0,06/04/2020,0,7/10/2020,0,0,0,0,0,0,0,9/21/2020,0,0,0,0,0,0,0,0,,,,,,"NV - From 11/24/20-12/15/20, the state entered a 3 week pause which reduced capacity to 25%; however, restrictions were extended through 2/15/20 to which capacity increased to 35% and on 3/15/20 capacity increased to 50%.","NV - Governor re-closed bars in Clark, Elko, Nye and Washoe counties. Nye County reopened bars on 9/10/20 at 50% capacity, Washoe County reopened bars on 9/16/20 at 50% capacity and Clark & Elko County reopened bars on 9/20/20 at 50% capacity. From 11/24/20-12/15/20, the state entered a 3 week pause which reduced capacity to 25%; however, restrictions were extended through 3/15/20 to which capacity increased to 50%.","NV - From 11/24/20-12/15/20, the state entered a 3 week pause which reduced capacity to 25%; however, restrictions were extended through 2/15/20 to which capacity increased to 35% and on 3/15/20 capacity increased to 50%.","NV - From 11/24/20-12/15/20, the state entered a 3 week pause which reduced capacity to 25%; however, restrictions were extended through 2/15/20 to which capacity increased to 35% and on 3/15/20 capacity increased to 50%.","NV - 5/9 Retail, personal care, restaurants/bars/breweries that serve food, cannabis dispensaries; 5/17 charter fishing services and for-hire vessel activities reopen; 5/22 outdoor activities at recreational businesses (batting cages, golf courses, shooting ranges, tennis clubs etc) ","NV - From 11/24/20-12/15/20, the state entered a 3 week pause which reduced capacity to 25%; however, restrictions were extended through 2/15/20 to which capacity increased to 35% and on 3/15/20 capacity increased to 50%.",,
New Hampshire,NH,33,3/16/2020,0,3/16/2020,3/28/2020,3/16/2020,3/28/2020,3/28/2020,3/16/2020,0,0,1,0,5/11/2020,5/18/2020,0,6/15/2020,6/29/2020,5/11/2020,5/29/2020,5/11/2020,6/15/2020,0,0,0,0,0,0,0,0,0,0,0,0,0,0,0,0,0,0,0,0,,,,,,,,,,"NH - 5/11 retail, barber shops, hair salons, golf courses; 5/18 outdoor dining at restaurants",,NH - Medical dispensaries only; recreational cannabis not legalized,
New Jersey,NJ,34,3/18/2020,3/18/2020,6/19/2020,3/21/2020,3/16/2020,3/16/2020,3/16/2020,3/16/2020,03/16/2020,0,1,11/10/2020,5/18/2020,6/15/2020,1,9/1/2020,9/4/2020,6/22/2020,6/9/2020,6/15/2020,6/15/2020,6/15/2020,06/26/2020,2/5/2021,0,0,0,0,0,0,0,0,0,0,0,0,0,0,0,0,0,,,,,"NJ - The capacity limit was increased on 2/5/21 to 35%, and on 3/19/21 to 50%","NJ - Indoor dining resumed on 9/4/20 at 25% capacity. The capacity limit was increased on 2/5/21 to 35%, and on 3/19/21 to 50%. ",,"NJ - The capacity limit was increased on 2/5/21 to 35%, and on 3/19/21 to 50%",,"NJ - Bars not technically closed, but most in person alcohol sales prohibited; 5/18 allow construction and retail for curbside pickup","NJ - The capacity limit was increased on 2/5/21 to 35%, and on 3/19/21 to 50%",NJ - Medical dispensaries only; recreational dispensaries considered non-essential,"NJ - Restaurants, cafeterias, dining establishments, and food courts (with or without a liquor license), bars, casinos and liquor license holders must close their indoor dining service from 10PM-5AM. This order did not cease services for outdoor dining, food delivery or take-out services after 10PM. "
New Mexico,NM,35,3/16/2020,0,3/13/2020,3/24/2020,3/20/2020,3/19/2020,3/19/2020,3/19/2020,03/16/2020,1,1,10/16/2020,5/16/2020,5/27/2020,1,6/1/2020,3/24/2021,6/1/2020,5/16/2020,5/16/2020,6/2/2021,0,3/24/2021,11/13/2020,0,0,0,11/16/2020,11/16/2020,7/13/2020,0,8/29/2020,0,12/2/2020,11/30/2020,0,0,0,11/16/2020,0,3/24/2021,,,,,"NM - Based upon the tiered county-by-county colored level reopening framework, salons and barber shops reopened in the red level on 12/2/20 at 25% capacity or maximum 10 patrons. The yellow level allows operations at 33% capacity or maximum 20 patrons; the green level allows operations at 50% capacity; the turquoise level allows gyms to operate at 75% capacity.",NM - 7/13/20 order only restricted indoor dining; 8/29/20 order allowed indoor dining with 25% capacity limit.,"NM - Bars cannot reopen in the state unless the county is within the green or turqioise level (based upon daily cases and COVID-19 test positivity rates), and as of 3/29/21 there are 10 counties in the yellow level. The red and yellow levels do not allow bar operations; the green level allows bars to operate at 25% capacity outdoors only; the turquoise level allows bars to operate at 33% capacity indoors and 75% capacity outdoors.","NM - Based upon the tiered county-by-county colored level reopening framework, gyms reopened in the red level on 12/2/20 at 25% capacity or maximum 75 patrons. The yellow level allows gyms to operate at 25% capacity or maximum 125 patrons; the green level allows gyms to operate at 50% capacity; the turquoise level allows gyms to operate at 75% capacity.",,"NM - 5/1 pet/vet services, gun stores golf courses open reopened in most counties (3 hotspot counties not included); 5/16 pet/vet services, gun stores golf courses open for entire state. 5/16 all retail/non-essential businesses reopen but not in 3 hotspot counties; 6/1 ALL counties-indoor dining, gyms, personal care. Previous openings that did not apply to hot spot counties now permitted in hot spot counties as well. ",,NM - Medical dispensaries only; recreational cannabis not legalized,"NM - All food and drink establishments serving alcohol (by initial order) and retail establishments (by amended public health order on 10/23/2020) must close dine-in services from 10PM-4AM. On 11/13/2020, the public health order was amended to: extend the curfew on retail establishments (definition amended in public health order on 11/18/2020) until 11/30/2020 and cease all service within food and drink establishments with the exception delivery service."
New York,NY,36,3/18/2020,0,3/13/2020,3/22/2020,3/17/2020,3/16/2020,3/16/2020,3/16/2020,03/16/2020,1,1,11/13/2020,6/8/2020,6/22/2020,1,9/2/2020,3/5/2021,6/22/2020,6/22/2020,6/8/2020,5/3/2021,0,9/9/2020,5/31/2021,0,0,0,0,0,0,0,0,0,0,0,0,0,0,0,0,0,,,,,,"NY - Indoor dining in New York City was closed from 12/14/20-2/12/21. Starting on 3/19.21, restaurants outside of New York City can move from 50% capacity to 75% capacity; New York City restaurants can move from 35% capacity (initially 25%) to 50% capacity on this date.",,,"NY - Movie theaters outside NYC open 10/23/20 at 50% capacity , in NYC 3/5/21at 25% capacity.","NY - 5/15 entire state reopened landscaping/gardening, some parts of state reopened construction, agriculture, forestry, fishing, hunting, and other businesses (depending on region) ",,NY - Medical dispensaries only; recreational dispensaries considered non-essential,"NY - Bars, restaurants, gyms and fitness centers, casinos, billiard halls, and other State Liquor Authority-licensed establishments are required to close dine-in services from 10PM-5AM. This order did not cease service for delivery and curbside pickup after 10PM. The order was amended on 2/16/2020 stating the aforementioned establishments can extend closing time from 10PM to 11PM."
North Carolina,NC,37,3/16/2020,0,3/25/2020,3/30/2020,3/18/2020,3/25/2020,3/25/2020,3/17/2020,0,0,.,12/11/2020,5/8/2020,5/22/2020,0,9/4/2020,10/2/2020,5/22/2020,5/16/2020,5/8/2020,3/26/2021,0,0,2/28/2021,0,0,0,0,0,0,0,0,0,0,0,0,0,0,0,0,0,,,,NC-ordered to reopen via federal judicial order,"NC - As of 2/26/21, the capacity limit is 50% or maximum 12 customers","NC - As of 2/26/21, the capacity limit is 50%.","NC - On 10/2/20, outdoor bar operations resumed at 30%. As of 2/26/21, indoor bar areas may open at 30% capacity; the same capacity limit exists for outdoor bars. Governor issued an order banning the sale of alcohol between the hours of 11PM and 7AM on 7/28/20, which was changed to 9PM-7AM on 12/11/20, and currently as of 2/26/21 the hours are from 11PM-7AM.","NC - As of 2/26/21, the capacity limit is 50% (increase from 30%)","NC - As of 2/26/21, the capacity limit is 30%.","NC - 5/8 retail; 5/22 restaurants, personal care, tattoo parlors, pools, childcare facilities",,,"NC - Restaurants, bars, entertainment venues, personal care businesses, personal events outside the home, live entertainment, amateur sporting events movies, and more (outlined in EO181) must end/close from 10PM-5AM. This order did not cease in-house delivery, third-party delivery, drive-through, curbside pick-up, and carry-out after 10PM. Individuals must remain at home from 10PM-5AM, except if they must travel to and from work, obtain food, medical care, fuel or social services, or take care of a family member. The initial order was through 1/8/2021, but was extended to 1/29/2021 and subsequently 2/28/2021."
North Dakota,ND,38,3/16/2020,0,4/6/2020,3/20/2020,3/21/2020,3/20/2020,3/20/2020,3/20/2020,0,0,0,11/16/2020,5/1/2020,5/1/2020,0,5/1/2020,5/1/2020,5/1/2020,0,5/1/2020,5/1/2020,0,0,12/22/2020,0,0,0,0,0,0,0,0,0,0,0,0,0,0,0,0,0,,,,ND-no state action to close religious gatherings,,"ND - As of 1/29/21, restaurants, and other food service establishments can increase their occupancy from 65% (200-patron cap) to 80% (300-patron cap).","ND - As of 1/29/21, bars can increase their occupancy from 65% (200-patron cap) to 80% (300-patron cap).",,,"ND - Started closing non-essential businesses statewide on 3/20 but did not release EO until 3/27, which listed the dates of all closures that had happened until that point; Most businesses reopened 5/1",,,"ND - Bars, restaurants and food service establishments must close dine-in service from 10PM-4AM. This order did not cease services for take-out, curbside or delivery services after 10PM.  Initially, the order was through 12/13/2020 but was amended and extended through 1/8/2021. However, the order was amended and ended the curfew early on 12/22/2020."
Ohio,OH,39,3/17/2020,3/26/2020,3/11/2020,3/24/2020,3/16/2020,3/17/2020,3/17/2020,3/15/2020,0,0,1,11/19/2020,5/4/2020,5/15/2020,1,5/22/2020,6/10/2020,5/15/2020,0,5/12/2020,5/15/2020,5/31/2020,0,2/11/2021,0,0,0,0,0,0,0,0,0,0,0,0,0,0,0,0,0,,,,OH-no state action to close religious gatherings,,"OH - From 11/19/20-2/11/20, there was a curfew shutting down businesses from 10PM-5AM; on 1/28/21 the curfew was changed to 11PM-5AM.  ","OH - On 7/31/2020 issued a curfew for alcohol sales. From 11/19/20-2/11/20, there was a curfew shutting down businesses from 10PM-5AM; on 1/28/21 the curfew was changed to 11PM-5AM.  ",,,"OH - Manufacturing, distribution, construction, and general office environments 5/12- consumer, retail and services opened 5/15 personal care/tattoo parlors reopen",,OH - Medical dispensaries only; recreational cannabis not legalized,"OH - All individuals are ordered to stay at a place of residence from 10PM-5AM, with the execption of purposes relating to religious observances, health and safety, necessary supplies and services, necessary social services, work, care of others and government services. Most retail business must close and dine-in services within restaurants and bars must close at 10PM. This order did not cease services for drive through, food delivery or take-out services after 10PM. The order was initially through 12/10/20 but was extended four times through 1/2/21, 1/23/21, 1/30/21 and 2/11/21. The amended order on 1/27/21 extended the curfew from 11PM-5AM."
Oklahoma,OK,40,3/17/2020,0,3/24/2020,4/1/2020,4/1/2020,4/1/2020,4/1/2020,4/1/2020,0,0,1,11/19/2020,4/24/2020,5/1/2020,0,5/1/2020,5/1/2020,4/24/2020,5/1/2020,4/24/2020,5/15/2020,0,0,1/14/2021,0,0,0,0,0,0,0,0,0,0,0,0,0,0,0,0,0,,,,,,,,,,"OK - 4/24 personal care, pet groomers; 5/1 dining, entertainment, movie theaters, gyms, tattoo parlors",,OK - Medical dispensaries only; recreational cannabis not legalized,"OK - Bars and restaurants must close dine-in services from 11PM-5AM. This order did not cease services for in-house delivery, third-party delivery, drive-through, curbside pick-up, and carry-out services after 11PM."
Oregon,OR,41,3/16/2020,3/25/2020,3/16/2020,3/23/2020,3/18/2020,3/24/2020,3/24/2020,3/17/2020,0,0,1,0,5/15/2020,6/19/2020,0,6/19/2020,1/29/2021,6/19/2020,5/15/2020,5/15/2020,6/19/2020,5/16/2020,0,0,11/18/2020,11/18/2020,0,11/18/2020,0,11/18/2020,0,5/7/2021,5/7/2021,1/29/2021,0,0,0,0,0,0,0,,,,,,"OR - As of 3/24/21, there are 2 counties in the extreme risk level so the whole state is not considered to have bars open until the two counties move to high risk (25% capacity). Those in high and moderate risk counties must close at 11PM and cap customers at 25% and 50%, respectively. Those in low risk counties may close at 12AM and cap customers at 50%. Outdoor restaurant services resumed on 12/2/20. ","OR - Outdoor services resumed on 12/2/20. As of 3/24/21, there are 2 counties in the extreme risk level so the whole state is not considered to have bars open until the two counties move to high risk (25% capacity). Those in high and moderate risk counties must close at 11PM and cap customers at 25% and 50%, respectively. Those in low risk counties may close at 12AM and cap customers at 50%.","OR - Those in extreme risk counties must have less than 6 customers at all times. Those in high risk counties have a capacity limit of 25%, and those in moderate and low risk counties  have a capacity limit of 50%","OR - Those in extreme risk counties must have less than 6 customers at all times and close at 11PM. Those in high risk counties have a capacity limit of 25% and must close at 11PM. Those in moderate and low risk counties have a capacity limit of 50% and must close by 11PM and 12AM, respectively.","OR - Closed non-essential retail 3/24/2020, but did not mandate non-retail closures; 5/15 excludes a number of businesses that involve close contact (salons, barber shops, theaters, amusement parks, gyms, restaurants/bars, museums)",,,
Pennsylvania,PA,42,3/16/2020,3/17/2020,3/17/2020,3/21/2020,3/18/2020,3/21/2020,3/21/2020,3/18/2020,3/17/2020,0,1,0,6/5/2020,6/5/2020,1,7/3/2020,7/3/2020,7/3/2020,0,6/5/2020,6/5/2020,6/5/2020,6/9/2020,0,7/16/2020,7/16/2020,12/12/2020,12/12/2020,0,12/12/2020,12/12/2020,1/4/2021,4/4/2021,1/4/2021,0,1/4/2021,1/4/2021,0,0,0,0,,,,PA- no statewide order to close,,"PA - As of 4/4/21, restaurants may resume bar service, alcohol service allowed without the purchase of food, curfew for removing alcoholic drinks from tables at 12AM lifted and indoor dining capacity can increase to 75% from 50% if restaurant is self-certified.","PA - On 4/4/21, bar service may resume at restaurants","PA - As of 4/4/21, capacity can increase to 75% from 50%","PA - As of 4/4/21, capacity can increase to 75% from 50%.",PA - Bar closures began in some counties on 3/16; 5/8 some counties open retail; 5/22 more counties open retail,"PA - As of 4/4/21, capacity can increase to 75% from 50%",PA - Medical dispensaries only; recreational cannabis not legalized,
Rhode Island,RI,44,0,3/16/2020,3/13/2020,3/30/2020,3/18/2020,3/23/2020,3/23/2020,3/17/2020,03/22/2020,0,1,11/8/2020,5/9/2020,5/18/2020,1,6/1/2020,6/30/2020,6/1/2020,5/30/2020,5/9/2020,6/1/2020,6/1/2020,6/8/2020,1/29/2021,11/30/2020,11/30/2020,11/30/2020,11/30/2020,0,0,11/30/2020,0,2/12/2021,12/21/2020,0,12/21/2020,12/21/2020,0,0,0,0,,RI - Order to close schools came after schools had already closed statewide,,,,"RI - On 11/30/2020, the bar area and any seating closed within restaurants, and indoor dining capacity was capped at 33%. At this time, a new curfew was enforced at 10PM Sunday-Thursday and at 10:30PM Friday and Saturday. On 1/31/21, the curfew was lifted. ","RI - On 8/5/20 Governor Raimondo issued order closing bars and ending alcohol sales at 11PM. On 11/30/2020, the bar area and any seating closed as part of the Rhode Island on Pause plan. On 2/15/21, EO 21-13 allowed bars to reopen bar counter and bar counter seating, but parties are limited to 90 minutes and the bar area must close at 11PM. On 3/12/21, EO 21-24 allowed a restaurant or bar to keep the bar area open until 12AM for seated patrons that order food by 11PM. ",,,"RI - Order to close non-essential businesses only applied to retail closures; RI-5/9-Non-essential retail reopen with capacity restrictions; 6/1 in person retail, personal service, restaurants, gyms",,RI - Medical dispensaries only; recreational cannabis not legalized,"RI - Bars, restaurants, gyms, recreational facilities and personal services must close at 10PM on weekdays and at 10:30PM on Friday and Saturday. This order did not cease pick-up, delivery and drive through services after 10PM and 10:30PM. The order was initially through 11/22/2020, but was extended 5 times and amended to end early on 1/29/2021. Stay at home advisory from 10PM-5AM, but this is not mandated."
South Carolina,SC,45,3/16/2020,0,3/15/2020,4/1/2020,3/19/2020,4/1/2020,4/1/2020,3/18/2020,4/1/2020,0,.,0,4/20/2020,5/4/2020,1,5/18/2020,8/3/2020,5/18/2020,0,4/20/2020,5/4/2020,0,5/22/2020,0,0,0,0,0,0,0,0,0,0,0,0,0,0,0,0,0,0,,,,SC- no statewide order to close,,,"SC - 7/10/20 Governor mandated that bars/restaurants cannot sell alcohol from 11PM-10AM, but did not close bars. This mandate has been lifted as of 3/1/21. ",,,"SC - Order to close non-essential businesses mostly applied to retail, entertainment venues & athletic facilities; SC-4/20 Only applies to some retail, must operate at 20%; 5/4 outdoor dining; 5/11 restaurants (dine in); 5/18 personal care, gyms, pools; 5/22 attraction facilities (zoos, museums, amusement parks etc.)",,,
South Dakota,SD,46,3/16/2020,0,0,0,0,0,0,0,0,1,0,0,0,0,0,0,0,0,0,0,0,0,0,0,0,0,0,0,0,0,0,0,0,0,0,0,0,0,0,0,0,,,,SD-no statewide order to close,,,,,,"SD - EO states that non-essential businesses ""should"" be open only to maximum of 10 people but does not specify enforcement of this; Never closed non-essential retail",,,
Tennessee,TN,47,3/20/2020,0,3/23/2020,4/1/2020,3/24/2020,3/23/2020,3/23/2020,3/23/2020,0,0,.,0,4/27/2020,4/27/2020,0,5/1/2020,5/22/2020,5/6/2020,0,4/27/2020,5/22/2020,0,0,0,0,0,0,0,0,0,0,0,0,0,0,0,0,0,0,0,0,,"TN - Schools recommended to close by governor, but all school districts complied",,TN-no statewide order to close,,,,,,"TN - Allowed some counties to dictate their own reopening. In most counties, restaurants reopen 4/27, retail opened 4/29, gyms reopen 5/1, personal care 5/6",,,TN - All curfews on county or city level
Texas,TX,48,3/21/2020,0,3/21/2020,4/2/2020,3/21/2020,3/21/2020,4/2/2020,3/21/2020,0,0,0,0,5/1/2020,5/1/2020,0,5/18/2020,5/1/2020,5/8/2020,0,5/1/2020,5/29/2020,0,0,0,6/26/2020,6/26/2020,0,0,0,0,0,0,10/14/2020,0,0,0,0,0,0,0,0,,,,TX-no statewide order to close,"TX - As of 3/10/21, there are no capacity limits in counties not in an area of high hospitalizations.","TX - As of 3/10/21, there are no capacity limits in counties not in an area of high hospitalizations.","TX - Per the order on 10/14/20, bars/similar establishments holding a permit from the Texas Alcoholic Beverage Commission (TABC), and are not restaurants (less than 51% of gross receipts from the sale of alcohol) may offer on-premises services up to 50% capacity if: a. bar/similar establishment is not in an area with high hospitalizations as defined by state, and the county judge of the county in which the bar/similar establishment is located files the requisite form with TABC; or b. bar/similar establishment is in an area with high hospitalizations as defined by state, but is located in a county that has filed with DSHS, and is in compliance with, the requisite attestation form promulgated by DSHS regarding minimal cases of COVID-19, and the county judge of the county in which the bar or similar establishment is located also files the requisite form with TABC. As of 3/10/21, there are no capacity limits in counties not in an area of high hospitalizations. ","TX - As of 3/10/21, there are no capacity limits in counties not in an area of high hospitalizations","TX - As of 3/10/21, there are no capacity limits in counties not in an area of high hospitalizations. ","TX - 5/1 reopened retail, restaurants, movie theaters, museums, libraries, malls; 5/8 personal care, pools; 5/18 offices, manufacturing, gyms  ","TX - As of 3/10/21, there are no capacity limits in counties not in an area of high hospitalizations",,TX - All curfews on county or city level
Utah,UT,49,3/16/2020,0,0,3/27/2020,3/20/2020,3/27/2020,3/27/2020,3/19/2020,0,0,0,0,5/1/20,5/1/2020,0,5/1/2020,5/1/2020,5/1/2020,5/6/2020,5/1/2020,5/1/2020,0,0,0,0,0,0,0,0,0,0,0,0,0,0,0,0,0,0,0,0,,,UT - State issued a health order for nursing homes to follow guidance from CMS on 3/19; 4/1 order suggested limiting visits to nursing homes and long term facilities,,,UT - Curfew on alcohol sales starting at 10PM-close from 11/10/20-12/18/20; mandate allowed restaurants to remain open through curfew. ,UT - Curfew on alcohol sales starting at 10PM-close from 11/10/20-12/18/20; mandate allowed bars to remain open through curfew. ,,,"UT - 3/27 order never explicitly closed gyms and theaters but did say 'do not travel to...'; UT later issued orders explicitly opening these businesses; UT-5/1 dine in service, gyms, personal service, retail; Never closed non-essential retail",,,
Vermont,VT,50,3/18/2020,3/18/2020,3/13/2020,3/25/2020,3/18/2020,3/23/2020,3/25/2020,3/17/2020,0,0,1,11/14/2020,4/27/2020,5/22/2020,1,6/1/2020,6/1/2020,5/29/2020,5/23/2020,4/27/2020,5/22/2020,6/1/2020,0,4/15/2021,11/15/2020,11/15/2020,0,0,0,0,0,0,3/24/2021,0,0,0,0,0,0,0,0,,,,,,,,,,VT - 4/27 Manufacturing and distribution operations; outdoor business and retail; farmers markets open; 5/18 retail,,VT - Medical dispensaries only; recreational dispensaries considered non-essential,"VT - Restaurants (1st class licensees) must close dine-in services at 10PM. This order did not cease services for curbside pick-up, drive-through, or delivery services after 10PM. The order was initially through 12/15/2020, but was extended four times through 4/15/2021. "
Virginia,VA,51,3/16/2020,0,0,3/25/2020,3/26/2020,3/25/2020,3/25/2020,3/25/2020,0,0,1,11/15/2020,5/29/2020,5/29/2020,1,6/12/2020,7/1/2020,5/29/2020,5/29/2020,5/29/2020,5/29/2020,0,0,5/15/2021,0,0,0,0,0,0,0,0,0,0,0,0,0,0,0,0,0,,,,,,"VA - Starting 11/15/20, restaurants must close from 12AM-5AM (this was previously 10PM-5AM, but was changed to take effect on 2/28/21). ","VA - On 7/31/2020, EO banned sale of alcohol after 10PM. Starting 11/15/20, bars must close from 12AM-5AM (this was previously 10PM-5AM, but was changed to take effect on 2/28/21). ",,,"VA - 5/15 most of state (apart from northern virginia) reopen restaurants, breweries, food courts, farmers markets, retail, personal care. Northern Virginia delayed until 5/29; 5/29 reopen personal care, restaurant (for outdoor seating), retail open for the entire state",,VA - Medical dispensaries only; recreational cannabis not legalized,"VA - On 11/15/20, dining establishments, food courts, breweries, microbreweries, distilleries, wineries, and tasting rooms must close dine-in services from 10PM-5AM. This order did not cease delivery or take-out services after 12AM. The order was initially through 1/31/2021, but was extended on 2/28/2021 to extend curfew to 12AM-5AM."
Washington,WA,53,3/17/2020,0,3/16/2020,3/25/2020,3/16/2020,3/16/2020,3/16/2020,3/17/2020,0,0,1,0,6/1/2020,7/3/2020,0,8/27/2020,2/14/2021,7/3/2020,6/1/2020,7/3/2020,7/3/2020,0,0,0,11/18/2020,11/18/2020,0,11/16/2020,0,11/18/2020,0,2/14/2021,3/11/2021,2/14/2021,0,0,0,0,0,0,0,,,,,"WA - Closure of services on 11/16/20 reduced capacity of hair salons and barbershops to 25%. As of 4/1/21, with all counties in phase 3, the capacity limit is 50%.","WA - Once counties reached ""phase 2"", scaled upon number of COVID cases, indoor dining could reopen at 25% capacity and end alcohol service at 11PM. Counties in ""phase 3"" may operate at 50% capacity and end alcohol service at 12AM. As of 4/1/21, all counties are in phase 3. ","WA - Closure on 11/18/20 applied to indoor bar operations, outdoor dining and to-go services still permitted. As per the Healthy Washington- Roadmap to Reovery plan, establishments only serving individuals 21+ and no food remain closed.",,,"WA - 5/5 reopen landscaping, vehicle sales, pet walking, car washes; 5/21 some counties permitted to move to phase 2 (real estate, personal care, restaurants)",,,
West Virginia,WV,54,3/16/2020,3/26/2020,8/13/2020,3/24/2020,3/19/2020,3/19/2020,3/24/2020,3/18/2020,03/18/2020,0,0,0,5/4/2020,5/4/2020,1,5/18/2020,6/5/2020,5/4/2020,0,5/21/2020,5/26/2020,4/30/2020,06/05/2020,0,7/14/2020,0,0,0,0,0,0,0,8/31/2020,0,0,0,0,0,0,0,0,,,,WV-no statewide order to close,,,"WV - On 7/14/20, Governor Justice ordereded bars  and indoor dining to close in Monongalia County for ten days, which was extended through 10/13/20.",,,"WV - 5/4 small businesses, restaurants (outdoor dining), religious entities, personal care; 5/18 gyms; 5/21 restaurants (indoor dining), large retail stores, indoor malls",,,
Wisconsin,WI,55,3/18/2020,0,0,3/25/2020,3/18/2020,3/25/2020,3/25/2020,3/17/2020,0,0,0,0,5/11/2020,5/13/2020,0,5/13/2020,5/13/2020,5/13/2020,5/13/2020,5/11/2020,5/13/2020,0,0,0,0,0,0,0,0,0,0,0,0,0,0,0,0,0,0,0,0,,,,WI-reopened when WI supreme court struck down stay at home order,,,,,,WI - Most retail reopened 5/11 with restrictions. Stay at home order with non-essential business closures overturned by state supreme court 5/13,,,WI - All curfews on county or city level.
Wyoming,WY,56,3/19/2020,3/19/2020,0,3/19/2020,3/19/2020,3/19/2020,3/19/2020,3/19/2020,0,0,.,12/9/2020,5/1/2020,5/15/2020,0,5/1/2020,5/15/2020,5/1/2020,5/15/2020,5/15/2020,5/15/2020,5/1/2020,0,1/8/2021,0,0,0,0,0,0,0,0,0,0,0,0,0,0,0,0,0,,,,"WY-County variances allowed religious gatherings in some places earlier, but June 15 is when the order took effect at the state level",,"WY - As of 3/16/21, per WY DOH Public Health Order, all restrictions on restaurants are removed","WY - As of 3/16/21, per WY DOH Public Health Order, all restrictions on bars are removed.","WY - As of 3/16/21, per WY DOH Public Health Order, all restrictions on gyms are removed","WY - As of 3/16/21, per WY DOH Public Health Order, all restrictions on theaters are removed","WY - 5/1 open gyms, personal care service; 5/15 movie theaters, restaurants; Never closed non-essential retail",,,WY - Bars and resturants must close dine-in services from 10PM-5AM. This order did not cease take-out or delivery services after 10PM. 
Total,,,50,15,31,50,50,50,50,50,23,5,30,25,50,50,18,50,50,50,37,50,50,15,23,25,19,15,6,7,1,10,4,10,19,7,1,6,4,2,1,2,1,,,,,,,,,,,,,